bc/ent_loss,bc/prob_true_act,batch_size,bc/l2_loss,bc/neglogp,rollout/return_min,bc/loss,rollout/return_std,rollout/return_max,bc/epoch,bc/samples_so_far,rollout/return_mean,bc/entropy,bc/batch,bc/l2_norm
-0.0016094238962978125,0.19943052530288696,32,0.0,1.612295150756836,-42.37272262573242,1.6106857061386108,5.19633150100708,-26.316049575805664,0,32,-34.488304138183594,1.6094238758087158,0,672.500244140625
-0.0005067220190539956,0.7505801320075989,32,0.0,0.4566240906715393,409.3123474121094,0.4561173617839813,126.81672668457031,756.6251220703125,0,32,591.745361328125,0.5067219734191895,0,766.1298828125
-0.0005022494588047266,0.7558844089508057,32,0.0,0.36755889654159546,22.74488639831543,0.36705663800239563,345.25994873046875,915.502197265625,0,32,645.5675659179688,0.5022494196891785,0,875.9987182617188
-0.0004161050892435014,0.6940954923629761,32,0.0,0.6116806864738464,481.5352478027344,0.6112645864486694,83.42374420166016,730.675537109375,0,32,636.9251098632812,0.4161050617694855,0,1011.3662719726562
-0.0002491266350261867,0.8356444835662842,32,0.0,0.338655948638916,298.9316101074219,0.33840683102607727,238.12290954589844,923.6064453125,4,16032,742.1444091796875,0.2491266131401062,500,1242.50048828125
-0.00020618179405573756,0.8645250797271729,32,0.0,0.3267098069190979,317.4166564941406,0.3265036344528198,227.13470458984375,913.8060913085938,0,32,758.4114990234375,0.20618177950382233,0,1277.7081298828125
-0.00023747126397211105,0.9073011875152588,32,0.0,0.11875583231449127,4.9420623779296875,0.11851835995912552,395.4736022949219,906.0083618164062,3,16032,562.4964599609375,0.23747125267982483,500,1521.917236328125
-0.00017789253615774214,0.9093149900436401,32,0.0,0.15611158311367035,248.65560913085938,0.1559336930513382,295.857666015625,912.5034790039062,0,32,656.8855590820312,0.1778925210237503,0,1626.6124267578125
-0.00013520703942049295,0.9470523595809937,32,0.0,0.06287310272455215,462.7498474121094,0.06273789703845978,180.69223022460938,928.603271484375,2,16032,823.5486450195312,0.13520702719688416,500,1860.199462890625
