bc/loss,rollout/return_min,bc/neglogp,bc/samples_so_far,bc/ent_loss,batch_size,rollout/return_mean,bc/epoch,rollout/return_std,rollout/return_max,bc/entropy,bc/l2_norm,bc/l2_loss,bc/batch,bc/prob_true_act
3.0566703381179274,-59.32155990600586,3.0609271537674965,32,-0.004256815649569035,32,-53.330841064453125,0,3.667316198348999,-48.147823333740234,4.256815433502197,672.5001220703125,0.0,0,0.04836271547222719
2.635892337283873,-43.39614486694336,2.6398263905223542,32,-0.003934053238481283,32,-29.65289878845215,0,8.726841926574707,-18.088932037353516,3.9340531826019287,732.78662109375,0.0,0,0.07249216838370551
1.7693169516016813,-21.568851470947266,1.7724435688898983,32,-0.0031266172882169485,32,8.152023315429688,0,20.59305763244629,37.324031829833984,3.126617193222046,823.272216796875,0.0,0,0.17256597345044705
