rollout/return_min,bc/neglogp,bc/batch,rollout/return_max,bc/l2_loss,bc/entropy,bc/loss,bc/prob_true_act,rollout/return_mean,bc/l2_norm,bc/samples_so_far,rollout/return_std,bc/ent_loss,bc/epoch,batch_size
-42.37272262573242,1.612295150756836,0,-26.316049575805664,0.0,1.6094238758087158,1.6106857061386108,0.19943052530288696,-34.488304138183594,672.500244140625,32,5.19633150100708,-0.0016094238962978125,0,32
409.3123474121094,0.4566240906715393,0,756.6251220703125,0.0,0.5067219734191895,0.4561173617839813,0.7505801320075989,591.745361328125,766.1298828125,32,126.81672668457031,-0.0005067220190539956,0,32
22.74488639831543,0.36755889654159546,0,915.502197265625,0.0,0.5022494196891785,0.36705663800239563,0.7558844089508057,645.5675659179688,875.9987182617188,32,345.25994873046875,-0.0005022494588047266,0,32
481.5352478027344,0.6116806864738464,0,730.675537109375,0.0,0.4161050617694855,0.6112645864486694,0.6940954923629761,636.9251098632812,1011.3662719726562,32,83.42374420166016,-0.0004161050892435014,0,32
298.9316101074219,0.338655948638916,500,923.6064453125,0.0,0.2491266131401062,0.33840683102607727,0.8356444835662842,742.1444091796875,1242.50048828125,16032,238.12290954589844,-0.0002491266350261867,4,32
317.4166564941406,0.3267098069190979,0,913.8060913085938,0.0,0.20618177950382233,0.3265036344528198,0.8645250797271729,758.4114990234375,1277.7081298828125,32,227.13470458984375,-0.00020618179405573756,0,32
4.9420623779296875,0.11875583231449127,500,906.0083618164062,0.0,0.23747125267982483,0.11851835995912552,0.9073011875152588,562.4964599609375,1521.917236328125,16032,395.4736022949219,-0.00023747126397211105,3,32
