bc/entropy,bc/prob_true_act,bc/batch,rollout/return_mean,bc/epoch,bc/l2_norm,bc/samples_so_far,bc/ent_loss,bc/loss,rollout/return_min,rollout/return_std,batch_size,bc/l2_loss,rollout/return_max,bc/neglogp
4.256815433502197,0.04836271547222719,0,-53.330841064453125,0,672.5001220703125,32,-0.004256815649569035,3.0566703381179274,-59.32155990600586,3.667316198348999,32,0.0,-48.147823333740234,3.0609271537674965
3.9340531826019287,0.07249216838370551,0,-29.65289878845215,0,732.78662109375,32,-0.003934053238481283,2.635892337283873,-43.39614486694336,8.726841926574707,32,0.0,-18.088932037353516,2.6398263905223542
3.126617193222046,0.17256597345044705,0,8.152023315429688,0,823.272216796875,32,-0.0031266172882169485,1.7693169516016813,-21.568851470947266,20.59305763244629,32,0.0,37.324031829833984,1.7724435688898983
1.8797037601470947,0.5910358963137866,0,14.141738891601562,0,1051.72900390625,32,-0.0018797038355842233,0.5575495775152264,-23.322738647460938,31.695144653320312,32,0.0,52.86624526977539,0.5594292813508106
0.4838968515396118,2.4143414017402125,500,432.9913635253906,4,1389.1009521484375,16032,-0.0004838968743570149,-0.8604047291824811,223.5263671875,106.92880249023438,32,0.0,514.5042114257812,-0.8599208323081241
0.2773946523666382,2.672314095839636,0,578.2515869140625,0,1436.96044921875,32,-0.00027739466167986393,-0.8793950461347538,279.7434387207031,229.31910705566406,32,0.0,845.3199462890625,-0.879117651473074
-0.8637557029724121,8.302614271310508,500,876.2980346679688,3,1776.8072509765625,16032,0.0008637557621113956,-2.07853059001717,829.113037109375,28.725513458251953,32,0.0,913.9066162109375,-2.0793943457792814
