rollout/return_std,bc/ent_loss,bc/samples_so_far,bc/loss,bc/l2_norm,bc/neglogp,rollout/return_mean,bc/epoch,rollout/return_max,bc/prob_true_act,rollout/return_min,bc/entropy,bc/l2_loss,bc/batch,batch_size
3.667316198348999,-0.004256815649569035,32,3.0566703381179274,672.5001220703125,3.0609271537674965,-53.330841064453125,0,-48.147823333740234,0.04836271547222719,-59.32155990600586,4.256815433502197,0.0,0,32
8.726841926574707,-0.003934053238481283,32,2.635892337283873,732.78662109375,2.6398263905223542,-29.65289878845215,0,-18.088932037353516,0.07249216838370551,-43.39614486694336,3.9340531826019287,0.0,0,32
20.59305763244629,-0.0031266172882169485,32,1.7693169516016813,823.272216796875,1.7724435688898983,8.152023315429688,0,37.324031829833984,0.17256597345044705,-21.568851470947266,3.126617193222046,0.0,0,32
31.695144653320312,-0.0018797038355842233,32,0.5575495775152264,1051.72900390625,0.5594292813508106,14.141738891601562,0,52.86624526977539,0.5910358963137866,-23.322738647460938,1.8797037601470947,0.0,0,32
106.92880249023438,-0.0004838968743570149,16032,-0.8604047291824811,1389.1009521484375,-0.8599208323081241,432.9913635253906,4,514.5042114257812,2.4143414017402125,223.5263671875,0.4838968515396118,0.0,500,32
