bc/batch,bc/neglogp,bc/loss,bc/l2_norm,rollout/return_max,rollout/return_std,bc/prob_true_act,bc/samples_so_far,rollout/return_mean,bc/entropy,bc/l2_loss,bc/epoch,batch_size,bc/ent_loss,rollout/return_min
0,1.612295150756836,1.6106857061386108,672.500244140625,-26.316049575805664,5.19633150100708,0.19943052530288696,32,-34.488304138183594,1.6094238758087158,0.0,0,32,-0.0016094238962978125,-42.37272262573242
0,0.4566240906715393,0.4561173617839813,766.1298828125,756.6251220703125,126.81672668457031,0.7505801320075989,32,591.745361328125,0.5067219734191895,0.0,0,32,-0.0005067220190539956,409.3123474121094
0,0.36755889654159546,0.36705663800239563,875.9987182617188,915.502197265625,345.25994873046875,0.7558844089508057,32,645.5675659179688,0.5022494196891785,0.0,0,32,-0.0005022494588047266,22.74488639831543
