bc/entropy,bc/l2_norm,bc/epoch,bc/l2_loss,rollout/return_min,rollout/return_mean,rollout/return_max,bc/prob_true_act,bc/batch,rollout/return_std,bc/neglogp,batch_size,bc/samples_so_far,bc/ent_loss,bc/loss
1.6094238758087158,672.500244140625,0,0.0,-42.37272262573242,-34.488304138183594,-26.316049575805664,0.19943052530288696,0,5.19633150100708,1.612295150756836,32,32,-0.0016094238962978125,1.6106857061386108
0.5067219734191895,766.1298828125,0,0.0,409.3123474121094,591.745361328125,756.6251220703125,0.7505801320075989,0,126.81672668457031,0.4566240906715393,32,32,-0.0005067220190539956,0.4561173617839813
