rollout/return_mean,batch_size,rollout/return_max,rollout/return_min,bc/loss,bc/batch,bc/entropy,bc/neglogp,bc/samples_so_far,bc/prob_true_act,bc/epoch,rollout/return_std,bc/l2_norm,bc/l2_loss,bc/ent_loss
-34.488304138183594,32,-26.316049575805664,-42.37272262573242,1.6106857061386108,0,1.6094238758087158,1.612295150756836,32,0.19943052530288696,0,5.19633150100708,672.500244140625,0.0,-0.0016094238962978125
591.745361328125,32,756.6251220703125,409.3123474121094,0.4561173617839813,0,0.5067219734191895,0.4566240906715393,32,0.7505801320075989,0,126.81672668457031,766.1298828125,0.0,-0.0005067220190539956
645.5675659179688,32,915.502197265625,22.74488639831543,0.36705663800239563,0,0.5022494196891785,0.36755889654159546,32,0.7558844089508057,0,345.25994873046875,875.9987182617188,0.0,-0.0005022494588047266
636.9251098632812,32,730.675537109375,481.5352478027344,0.6112645864486694,0,0.4161050617694855,0.6116806864738464,32,0.6940954923629761,0,83.42374420166016,1011.3662719726562,0.0,-0.0004161050892435014
742.1444091796875,32,923.6064453125,298.9316101074219,0.33840683102607727,500,0.2491266131401062,0.338655948638916,16032,0.8356444835662842,4,238.12290954589844,1242.50048828125,0.0,-0.0002491266350261867
